,ElasticNet,MIDAS,RandomForest,actual
2000Q1,0.6131238482694925,0.5404869986160785,0.6761026028687301,0.65
2000Q2,0.8449047591995159,0.7694671719821445,0.6232270372101463,0.68
2000Q3,0.5204823161931454,0.40663460485788916,0.41496568218516866,0.66
2000Q4,0.5708290391934296,0.6066072985013131,0.6827963336379915,0.95
2001Q1,0.3614204727914404,0.4400271883259159,0.531209895038819,0.49
2001Q2,0.10198658972891456,0.2284877744208113,0.06543013158108023,0.26
2001Q3,0.19799998080802841,0.3427017315124439,0.2669680376183965,0.462040224678383
2001Q4,0.16750250136412065,0.04503506241420996,0.015453207613996019,-0.145350104797425
2002Q1,0.33139473224462074,0.25867717398493273,0.3214934599382673,0.354391729118171
2002Q2,0.6008171908744848,0.4529066713562213,0.5206570211342919,0.490904257778188
2002Q3,0.16737998758495484,0.379071043223669,0.24594223001933818,0.214398004316699
2002Q4,0.33029853972123363,0.4540790655405242,0.423172548441941,0.225725238885392
2003Q1,0.27074077073593733,0.3746029953398685,0.2522531489569295,0.256967723943245
2003Q2,0.07353896811815713,-0.09182673024484128,0.17534761030820747,-0.323972240694323
2003Q3,0.3579243532539791,0.47331143184349533,0.40898904033593253,0.370048386543286
2003Q4,0.5185974475435684,0.33154389750907015,0.4061146027530868,0.450065515866238
2004Q1,0.4132977668936778,0.3189435347464839,0.5392453236165341,0.769786446340692
2004Q2,0.4419600919341546,0.47577544134011285,0.5729668497648179,0.844024780455577
2004Q3,0.41142205496008266,0.23099697446260414,0.30176752902229437,0.0853906832367241
2004Q4,0.636800484963751,0.586407199897331,0.6288999419827316,0.75744945705934
2005Q1,0.4657658784868093,0.3467047896813191,0.335406781002427,0.2104468505362
2005Q2,0.42442315964915034,0.5207606015626837,0.32078919362222535,0.126245059695875
2005Q3,0.3384003018136846,0.43611544915846157,0.32721218955240183,0.657920158271792
2005Q4,0.12657561374041304,0.18092291639476438,0.2666474229699408,0.224154935891689
2006Q1,0.2844966357762169,0.36270940194077606,0.3135406775951871,0.535445353529922
2006Q2,0.6367606944928645,0.6891827325575175,0.6713737055019903,1.14903485158832
2006Q3,0.25910336985751403,0.2162871973833305,0.2879862861403831,-0.0363473901816604
2006Q4,0.5020611878834758,0.5977785141946643,0.6571901521458892,0.648932218423297
2007Q1,0.3707198574259773,0.3966177958103104,0.5452281343254407,0.495040867044394
2007Q2,0.218164177696244,0.32728097986854404,0.2355312141685255,0.324287844540322
2007Q3,0.39280630961622237,0.47984184069414226,0.3331449903688715,0.722048423206374
2007Q4,0.5805432269979895,0.573029508706185,0.5085711720294008,0.346754753164077
2008Q1,0.6907254094366844,0.649893052410029,0.5984641266472107,0.637674819864159
2008Q2,0.16761424820166787,0.0720059857272875,0.17595004311339815,-0.296738777900941
2008Q3,0.06797538604018605,0.36085762449821385,0.13494720533031584,0.138848431886586
2008Q4,-0.5977045677011025,-0.8349685284317819,-0.09154513521143035,-1.17793368274577
2009Q1,-1.0310969602489242,-0.5486057718108669,-0.04127093358631867,-1.19670259486945
2009Q2,-0.05538797113613653,0.21908759343142303,0.028401735847568943,0.336457393396514
2009Q3,0.27447691771010857,0.2220631858461546,0.2476721672079865,0.264848754137474
2009Q4,0.2616987264226189,0.3886706969455455,0.5028932387513209,0.593204523682146
2010Q1,0.2044672011450599,0.35867896522427467,0.26887173428551053,0.132826238903163
2010Q2,0.4271217868427828,0.48019369953533797,0.40057011073193766,0.619936789785072
2010Q3,0.49284009933613715,0.47065994748656204,0.32723665134878616,0.356885648609449
2010Q4,0.16636631581180986,0.36185056086175527,0.4753432509551454,0.343996909441216
2011Q1,0.9953560250162242,0.853236588761354,0.7827748286399999,0.97192248822914
2011Q2,0.10825630861314928,0.05981832871142134,0.267106075748169,-0.004443921049301
2011Q3,0.41364971874569,0.41717664744184335,0.2837760874872777,0.385931389975112
2011Q4,-0.08427669964267931,0.10358187439804903,0.14433068174409738,0.218314989117459
2012Q1,0.056904475458183945,0.05178458699754723,0.0814710330932276,0.0448008800489674
2012Q2,0.1187560295207021,-0.05121400024367884,0.01174766849776652,-0.0452450552034022
2012Q3,0.23179917707026154,0.18422202153903042,0.21103011136359187,0.215665152642508
2012Q4,-0.22255808146569844,-0.11436790527627472,-0.15418688961011626,-0.277663102102776
2013Q1,0.06649453828069252,-0.03828282443038106,0.02358269970649539,-0.163716520082413
2013Q2,0.5423915550894881,0.4118796250865215,0.38680530615223313,0.473171424
2013Q3,0.0226047719038871,0.02782410026827875,-0.07449156022934138,-0.149446518865969
2013Q4,0.24657455515709414,0.42662139937413945,0.3367599522484033,0.297499592013161
2014Q1,0.20969131757294335,0.1734920369017226,0.11842335652134442,0.0271915411000245
2014Q2,0.13916015289314734,0.1833749904420086,0.14616558301475702,-0.0149519498701899
2014Q3,0.2713926673655465,0.21129908282702403,0.2802857411307268,0.276348852530383
2014Q4,0.05861631600851086,0.13940708257624557,0.09303033911385035,0.0825800648621921
2015Q1,0.32677586666444747,0.29309481251172453,0.2577360293806141,0.554209863385324
2015Q2,0.20165841836952655,0.36594143416459174,0.26751049867469623,-0.0115416576898175
2015Q3,0.06152734462645271,0.357148852477288,0.11682409525870127,0.34134087768427
2015Q4,0.2409908607919643,0.3229252391263746,0.24168041703080595,0.248233135960829
2016Q1,0.4022302496496637,0.46843514661556607,0.3150827600593663,0.543539457185771
2016Q2,0.155537530654068,0.3025809475836865,0.2801124743824831,-0.0407881170618962
2016Q3,0.13181125375278566,0.44430818572919545,0.11545481087586955,0.230779698946848
2016Q4,0.20312828599127453,0.2662342202340215,0.1259417568825775,0.430988874780813
2017Q1,0.23306977219611497,0.13015421472065375,0.17224315898268597,0.258926573538342
2017Q2,0.3617144332854406,0.3392445905580361,0.5706763100850724,0.545840719867141
2017Q3,0.43331750819334425,0.6567676737094922,0.516830138459967,0.476960523115588
2017Q4,0.5362900123719657,0.35137325805918734,0.5989920564042874,0.620230592873993
2018Q1,0.06806271543084386,0.27208015036150074,0.12405283567912866,0.253524
2018Q2,0.47172578650574215,0.5633999127894672,0.35432538789329926,0.158311067174898
2018Q3,0.2110467869794696,0.33567034084261266,0.2621505745073839,0.410875199292037
2018Q4,0.3593595483803304,0.4030309847721325,0.2891750654997832,0.268348997235978
2019Q1,0.33985779188011345,0.34084011974846296,0.3349602102253341,0.29713536399083
2019Q2,0.3744093028511435,0.3466965235123975,0.25202031308155465,0.244755366057591
2019Q3,0.16296324462787642,0.35249308773163146,0.10506671908780507,0.3
2019Q4,0.1525498932718339,0.1692790394035058,0.2094342564426609,-0.1
2020Q1,0.16294897737913383,0.33228281169404306,0.21485214255687743,-5.8
2020Q2,-5.9563433369731875,-1.2584274021317376,-0.05092626075346864,-13.8
2020Q3,5.207820958087652,4.323899433595093,0.6430703628867218,18.2
2020Q4,-0.2177936352842535,-3.6196728152362803,0.3584237991060567,-1.3
2021Q1,0.49094209315722026,0.4623353748734572,0.32393788757561126,0.4
2021Q2,0.07202733443909931,0.18463812047972553,0.2125897104142406,0.9
2021Q3,0.9323761600763711,0.47895812819032774,0.5722772911505715,3.0
2021Q4,0.622409103765386,0.025311166464960844,0.6256136257447124,0.7
2022Q1,0.3673775319984187,0.37115767449297893,0.302816540074199,0.0
2022Q2,0.44899173670105696,0.5548461782739558,0.25701963211916334,0.5
2022Q3,0.2829013950678481,0.2448696424076039,0.2722098888881986,0.2
2022Q4,0.256513762443427,0.2275617169684579,0.18302571964540956,0.1
2023Q1,0.07826150641029639,0.19943936733985063,0.0645218404845397,0.2
2023Q2,0.12475648149969826,0.22166806519180962,0.12526540342974674,0.5
2023Q3,0.14565990567199913,0.11671363750808567,0.15867304219789008,0.1
2023Q4,0.136089151367415,0.19774581805533126,0.11761395589857536,0.0
2024Q1,0.2610981550970065,0.24975520157250902,0.23702758586379255,0.2
2024Q2,0.4855089792331362,0.4706366227716333,0.2467898147948811,0.3
2024Q3,0.02748960697096503,0.16669424743992806,0.0722524046369115,0.4
2024Q4,0.13548303672555062,0.21748235821435175,0.14395394858734112,-0.08
2025Q1,0.2539209291367043,0.3299546215494979,0.2520170792723927,0.13
2025Q2,0.1427446871122078,0.17887535345062267,0.18684587481608092,0.28
2025Q3,0.2952838522239061,0.263688438775891,0.2532345188834885,0.5
2025Q4,0.29944290683788416,0.2772144720197679,0.2733998434699898,0.179882236893869
2026Q1,0.3302242209690279,0.2889131066088408,0.2462347945080944,-0.00497727
2026Q2,0.32385986787041704,0.2970231477627506,0.31407034061772104,0.164246092386922
